{
  "schema_version": "pipeline_strategy.v2",
  "generated_at": "2026-04-19T02:51:39Z",
  "model": {
    "name": "llama2-7b",
    "num_layers": 32,
    "hidden_size": 4096,
    "n_head": 32,
    "n_kv_head": 32,
    "ffn_dim": 11008,
    "vocab_size": 32000,
    "dtype_bytes": 2
  },
  "schedule_input": {
    "bs": 32,
    "target_seq_len": 1024,
    "max_seq_len": 4096,
    "kv_memory_seq_len": 4096,
    "designated_device": "3060",
    "designated_tail_n": 1,
    "use_fine_grained": false
  },
  "objective": {
    "name": "min_tbt_ms",
    "value": 202.49398888257042
  },
  "tbt_ms": 202.49398888257042,
  "pipeline_stages": [
    {
      "worker_name": "3060_0",
      "modules_to_execute": [
        "input_embed_input_embed",
        "layer0_decoder_layer",
        "layer1_decoder_layer",
        "layer2_decoder_layer",
        "output_embed_lm_head"
      ],
      "stage_params": {
        "decode": {
          "head_model": {
            "base_time": 7.895017518080305,
            "increase_time": 0.005411181021339763,
            "quadratic_time": 0.0,
            "a": 7.895017518080305,
            "b": 0.005411181021339763,
            "c": 0.0,
            "comp_time_ms": 13.436066883932222,
            "base_size": 262144,
            "inc_size": 0,
            "quadratic_size": 0,
            "size_a": 262144,
            "size_b": 0,
            "size_c": 0
          },
          "tail_model": {
            "base_time": 0.970157859660685,
            "increase_time": 0.0,
            "quadratic_time": 0.0,
            "a": 0.970157859660685,
            "b": 0.0,
            "c": 0.0,
            "comp_time_ms": 0.970157859660685,
            "base_size": 0,
            "inc_size": 0,
            "quadratic_size": 0,
            "size_a": 0,
            "size_b": 0,
            "size_c": 0
          }
        },
        "prefill": {
          "head_model": {
            "base_time": 5.903058326531439,
            "increase_time": 1.3067427485571783,
            "quadratic_time": 0.00013405688648145402,
            "a": 5.903058326531439,
            "b": 1.3067427485571783,
            "c": 0.00013405688648145402,
            "comp_time_ms": 1484.5764666482592,
            "base_size": 0,
            "inc_size": 262144,
            "quadratic_size": 0,
            "size_a": 0,
            "size_b": 262144,
            "size_c": 0
          },
          "tail_model": {
            "base_time": 1.8891668400711534,
            "increase_time": 0.3387890556976199,
            "quadratic_time": 0.0,
            "a": 1.8891668400711534,
            "b": 0.3387890556976199,
            "c": 0.0,
            "comp_time_ms": 348.80915987443393,
            "base_size": 0,
            "inc_size": 0,
            "quadratic_size": 0,
            "size_a": 0,
            "size_b": 0,
            "size_c": 0
          }
        },
        "base_time": 8.86517537774099,
        "increase_time": 0.005411181021339763,
        "comp_time_ms": 14.406224743592906,
        "base_size": 262144,
        "inc_size": 0
      },
      "comm_bytes_to_next": 262144,
      "comm_time_ms": 10.48576,
      "next_worker": "tx2_0",
      "is_last_worker": false,
      "stage_models": {
        "decode": {
          "time_ms": {
            "head": {
              "form": "linear",
              "c0": 7.895017518080305,
              "c1": 0.005411181021339763,
              "c2": 0.0,
              "x": "context_len",
              "unit": "ms",
              "expr": "c0 + c1 * x"
            },
            "tail": {
              "form": "constant",
              "c0": 0.970157859660685,
              "c1": 0.0,
              "c2": 0.0,
              "x": "context_len",
              "unit": "ms",
              "expr": "c0"
            }
          },
          "comm_bytes": {
            "head": {
              "form": "constant",
              "c0": 262144.0,
              "c1": 0.0,
              "c2": 0.0,
              "x": "context_len",
              "unit": "bytes",
              "expr": "c0"
            },
            "tail": {
              "form": "constant",
              "c0": 0.0,
              "c1": 0.0,
              "c2": 0.0,
              "x": "context_len",
              "unit": "bytes",
              "expr": "c0"
            }
          },
          "comm_time_ms": {
            "head": {
              "form": "constant",
              "c0": 10.48576,
              "c1": 0.0,
              "c2": 0.0,
              "x": "context_len",
              "unit": "ms",
              "expr": "c0"
            },
            "tail": {
              "form": "constant",
              "c0": 0.0,
              "c1": 0.0,
              "c2": 0.0,
              "x": "context_len",
              "unit": "ms",
              "expr": "c0"
            }
          },
          "memory_gb": {
            "head": {
              "form": "linear",
              "c0": 1.6191410000000002,
              "c1": 4.57763671875e-05,
              "c2": 0.0,
              "x": "seq_len",
              "batch_term": "batch_size",
              "unit": "GB",
              "expr": "c0 + c1 * seq_len * batch_size"
            },
            "tail": {
              "form": "linear",
              "c0": 0.0,
              "c1": 0.0,
              "c2": 0.0,
              "x": "seq_len",
              "batch_term": "batch_size",
              "unit": "GB",
              "expr": "c0 + c1 * seq_len * batch_size"
            }
          }
        },
        "prefill": {
          "time_ms": {
            "head": {
              "form": "quadratic",
              "c0": 5.903058326531439,
              "c1": 1.3067427485571783,
              "c2": 0.00013405688648145402,
              "x": "seq_len",
              "unit": "ms",
              "expr": "c0 + c1 * x + c2 * x^2"
            },
            "tail": {
              "form": "linear",
              "c0": 1.8891668400711534,
              "c1": 0.3387890556976199,
              "c2": 0.0,
              "x": "seq_len",
              "unit": "ms",
              "expr": "c0 + c1 * x"
            }
          },
          "comm_bytes": {
            "head": {
              "form": "linear",
              "c0": 0.0,
              "c1": 262144.0,
              "c2": 0.0,
              "x": "seq_len",
              "unit": "bytes",
              "expr": "c0 + c1 * x"
            },
            "tail": {
              "form": "constant",
              "c0": 0.0,
              "c1": 0.0,
              "c2": 0.0,
              "x": "seq_len",
              "unit": "bytes",
              "expr": "c0"
            }
          },
          "comm_time_ms": {
            "head": {
              "form": "linear",
              "c0": 0.0,
              "c1": 10.48576,
              "c2": 0.0,
              "x": "seq_len",
              "unit": "ms",
              "expr": "c0 + c1 * x"
            },
            "tail": {
              "form": "constant",
              "c0": 0.0,
              "c1": 0.0,
              "c2": 0.0,
              "x": "seq_len",
              "unit": "ms",
              "expr": "c0"
            }
          }
        }
      }
    },
    {
      "worker_name": "tx2_0",
      "modules_to_execute": [
        "layer3_decoder_layer"
      ],
      "stage_params": {
        "decode": {
          "single_model": {
            "base_time": 77.26824602974952,
            "increase_time": 0.034132939144968975,
            "quadratic_time": 0.0,
            "a": 77.26824602974952,
            "b": 0.034132939144968975,
            "c": 0.0,
            "comp_time_ms": 112.22037571419776,
            "base_size": 262144,
            "inc_size": 0,
            "quadratic_size": 0,
            "size_a": 262144,
            "size_b": 0,
            "size_c": 0
          }
        },
        "prefill": {
          "single_model": {
            "base_time": 40.20537467297237,
            "increase_time": 27.772845936723385,