{
  "candidates": [
    {
      "designated_tail_n": 1,
      "feasible": true,
      "tbt_ms": 202.49398888257042
    }
  ],
  "best_designated_tail_n": 1,
  "best_tbt_ms": 202.49398888257042
}