{
  "worker_name": "3060_0",
  "schema_version": "request_journal.v1",
  "requests": {
    "sim-req-1": {
      "req_id": "sim-req-1",
      "worker_name": "3060_0",
      "created_monotonic": 90522.359,
      "finished_monotonic": 90567.953,
      "hops": [
        {
          "step_id": 0,
          "phase": "decode",
          "expected_compute_ms": 34.13057412422897,
          "actual_compute_ms": 34.163599999999406,
          "expected_comm_bytes": 20480,
          "expected_comm_ms": 1.0485760000000002,
          "actual_comm_ms": 45410.75910000001,
          "payload_bytes_sent": 20480
        },
        {
          "step_id": 2,
          "phase": "decode",
          "expected_compute_ms": 34.13057412422897,
          "actual_compute_ms": 34.14879999999698,
          "expected_comm_bytes": 20480,
          "expected_comm_ms": 1.0485760000000002,
          "actual_comm_ms": 0.0,
          "payload_bytes_sent": 20480
        },
        {
          "step_id": 3,
          "phase": "decode",
          "expected_compute_ms": 34.15315311978524,
          "actual_compute_ms": 34.17100000000062,
          "expected_comm_bytes": 22528,
          "expected_comm_ms": 1.0485760000000002,
          "actual_comm_ms": 2.612600000006182,
          "payload_bytes_sent": 22528
        },
        {
          "step_id": 5,
          "phase": "decode",
          "expected_compute_ms": 34.15315311978524,
          "actual_compute_ms": 34.16539999999202,
          "expected_comm_bytes": 22528,
          "expected_comm_ms": 1.0485760000000002,
          "actual_comm_ms": 0.0,
          "payload_bytes_sent": 22528
        }
      ]
    }
  }
}