{
  "worker_name": "tx2_0",
  "schema_version": "request_journal.v1",
  "requests": {
    "sim-req-1": {
      "req_id": "sim-req-1",
      "worker_name": "tx2_0",
      "created_monotonic": 87110.265,
      "finished_monotonic": null,
      "hops": [
        {
          "step_id": 2,
          "phase": "decode",
          "expected_compute_ms": 17.643093067988758,
          "actual_compute_ms": 18.12280000000044,
          "expected_comm_bytes": 262144,
          "expected_comm_ms": 0.20971520000000002,
          "actual_comm_ms": 17127.573299999996,
          "payload_bytes_sent": 262144
        },
        {
          "step_id": 7,
          "phase": "decode",
          "expected_compute_ms": 17.677226007133726,
          "actual_compute_ms": 18.52149999999142,
          "expected_comm_bytes": 262144,
          "expected_comm_ms": 0.20971520000000002,
          "actual_comm_ms": 21.455600000010122,
          "payload_bytes_sent": 262144
        }
      ]
    }
  }
}