{
  "candidates": [
    {
      "designated_tail_n": 1,
      "feasible": true,
      "tbt_ms": 142.54919422992248
    }
  ],
  "best_designated_tail_n": 1,
  "best_tbt_ms": 142.54919422992248
}