{
  "candidates": [
    {
      "designated_tail_n": 1,
      "feasible": true,
      "tbt_ms": 27.632303757780853
    }
  ],
  "best_designated_tail_n": 1,
  "best_tbt_ms": 27.632303757780853
}