{
  "schema_version": "pipeline_strategy.v2",
  "generated_at": "2026-04-19T04:19:34Z",
  "model": {
    "name": "llama2-7b",
    "num_layers": 32,
    "hidden_size": 4096,
    "n_head": 32,
    "n_kv_head": 32,
    "ffn_dim": 11008,
    "vocab_size": 32000,
    "dtype_bytes": 2
  },
  "schedule_input": {
    "bs": 8,
    "target_seq_len": 1024,
    "max_seq_len": 4096,
    "kv_memory_seq_len": 4096,
    "designated_device": "3060",
    "designated_tail_n": 1,
    "use_fine_grained": false
  },
  "objective": {
    "name": "min_tbt_ms",
    "value": 62.98683709858145
  },
  "tbt_ms": 62.98683709858145,
  "pipeline_stages": [
    {
      "worker_name": "3060_0",
      "modules_to_execute": [
        "input_embed_input_embed",
        "layer0_decoder_layer",
        "layer1_decoder_layer",
        "layer2_decoder_layer",
        "layer3_decoder_layer",
        "layer4_decoder_layer",
        "layer5_decoder_layer",
        "layer6_decoder_layer",
        "layer7_decoder_layer",
        "output_embed_lm_head"
      ],
      "stage_params": {
        "decode": {
          "head_model": {
            "base_time": 15.432007207352928,
            "increase_time": 0.003655805492322007,
            "quadratic_time": 0.0,
            "a": 15.432007207352928,
            "b": 0.003655805492322007,
            "c": 0.0,
            "comp_time_ms": 19.175552031490664,
            "base_size": 65536,
            "inc_size": 0,
            "quadratic_size": 0,
            "size_a": 65536,
            "size_b": 0,
            "size_c": 0
          },
          "tail_model": {
            "base_time": 0.9375912404805422,
            "increase_time": 0.0,
            "quadratic_time": 0.0,
            "a": 0.9375912404805422,
            "b": 0.0,
            "c": 0.0,
            "comp_time_ms": 0.9375912404805422,
            "base_size": 0,
            "inc_size": 0,
            "quadratic_size": 0,
            "size_a": 0,
            "size_b": 0,
            "size_c": 0
          }
        },
        "prefill": {
          "head_model": {
            "base_time": 20.166078295887118,
            "increase_time": 0.8473932824989049,
            "quadratic_time": 0.00010687679776554652,
            "a": 20.166078295887118,
            "b": 0.8473932824989049,
            "c": 0.00010687679776554652,
            "comp_time_ms": 999.9652446685715,
            "base_size": 0,
            "inc_size": 65536,
            "quadratic_size": 0,
            "size_a": 0,
            "size_b": 65536,
            "size_c": 0
          },
          "tail_model": {
            "base_time": 1.8347278156757234,
            "increase_time": 0.08454852194786072,
            "quadratic_time": 0.0,
            "a": 1.8347278156757234,
            "b": 0.08454852194786072,
            "c": 0.0,
            "comp_time_ms": 88.4124142902851,
            "base_size": 0,
            "inc_size": 0,
            "quadratic_size": 0,
            "size_a": 0,
            "size_b": 0,
            "size_c": 0
          }
        },
        "base_time": 16.36959844783347,
        "increase_time": 0.003655805492322007,
        "comp_time_ms": 20.113143271971207,
        "base_size": 65536,
        "inc_size": 0
      },
      "comm_bytes_to_next": 65536,
      "comm_time_ms": 2.62144,
      "next_worker": "tx2_0",
      "is_last_worker": false,
      "stage_models": {
        "decode": {
          "time_ms": {
            "head": {
              "form": "linear",
              "c0": 15.432007207352928,
              "c1": 0.003655805492322007,
              "c2": 0.0,
              "x": "context_len",
              "unit": "ms",
              "expr": "c0 + c1 * x"
            },
            "tail": {
              "form": "constant",
              "c0": 0.9375912404805422,
              "c1": 0.0,
              "c2": 0.0,
              "x": "context_len",
              "unit": "ms",
              "expr": "c0"
            }
          },
          "comm_bytes": {
            "head": {
              "form": "constant",
              "c0": 65536.0,
              "c1": 0.0,
              "c2": 0.0,
              "x": "context_len",
              "unit": "bytes",
              "expr": "c0"
            },
            "tail": {
              "form": "constant",
              "c0": 0.0,
              "c1": 0.0,
              "c2": 0.0,
              "x": "context_len",
              "unit": "bytes",
              "expr": "c0"
            }
          },
          "comm_time_ms": {
            "head": {
              "form": "constant",
              "c0": 2.62144,
              "c1": 0.0,
              "c2": 0.0,
              "x": "context_len",
              "unit": "ms",
              "expr": "c0"
            },
            "tail": {
              "form": "constant",
              "c0": 0.0,
              "c1": 0.0,
              "c2": 0.0,
              "x": "context_len",
              "unit": "ms",
              "expr": "c0"
            }
          },
          "memory_gb": {
            "head": {
              "form": "linear",
              "c0": 3.5039059999999997,
              "c1": 0.0001220703125,
              "c2": 0.0,
              "x": "seq_len",
              "batch_term": "batch_size",
              "unit": "GB",
              "expr": "c0 + c1 * seq_len * batch_size"
            },
            "tail": {
              "form": "linear",
              "c0": 0.0,
              "c1": 0.0,
              "c2": 0.0,
              "x": "seq_len",
              "batch_term": "batch_size",
              "unit": "GB",
              "expr": "c0 + c1 * seq_len * batch_size"
            }
          }
        },
        "prefill": {
          "time_ms": {
            "head": {
              "form": "quadratic",
              "c0": 20.166078295887118,
              "c1": 0.8473932824989049,
              "c2": 0.00010687679776554652,
              "x": "seq_len",
              "unit": "ms",
              "expr": "c0 + c1 * x + c2 * x^2"
            },
            "tail": {
              "form": "linear",
              "c0": 1.8347278156757234,
              "c1": 0.08454852194786072,
              "c2": 0.0,
              "x": "seq_len",
              "unit": "ms",
              "expr": "c0 + c1 * x"
            }
          },
          "comm_bytes": {
            "head": {
              "form": "linear",
              "c0": 0.0,
              "c1": 65536.0,
              "c2": 0.0,
              "x": "seq_len",
              "unit": "bytes",
              "expr": "c0 + c1 * x"
            },
            "tail": {
              "form": "constant",
              "c0": 0.0,
              "c1": 0.0,
              "c2": 0.0,
              "x": "seq_len",
              "unit": "bytes",
              "expr": "c0"
            }
          },
          "comm_time_ms": {
            "head": {
              "form": "linear",
              "c0": 0.0,
              "c1": 2.62144,
              "c2": 0.0,
              "x": "seq_len",
              "unit": "ms",
              "expr": "c0 + c1 * x"
            },
            "tail": {
              "form": "constant",
              "c0": 0.0,
              "c1": 0.0,
              "c2": 0.0,
              "x": "seq_len",
              "unit": "ms",
              "expr": "c0"
            }
          }
        }
      }
    },
    {
      "worker_name": "tx2_0",
      "modules_to_execute": [
        "layer8_decoder_layer"
      ],
      "stage_params": {
        "decode": {
          "single_model": {
            "base_time": 54.94089278948903,
            "increase_time": 0.00687524157166481,
            "quadratic_time": 0.0,
            "a": 54.94089278948903,
            "b": 0.00687524157166481,
            "c": 0.0,
            "comp_time_ms": 61.98114015887379,
            "base_size": 65536,
            "inc_size": 0,
            "quadratic_size": 0,
            "size_a": 65536,
            "size_b": 0,
            "size_c": 0
          }
        },