{
  "candidates": [
    {
      "designated_tail_n": 1,
      "feasible": true,
      "tbt_ms": 113.19421948989952
    }
  ],
  "best_designated_tail_n": 1,
  "best_tbt_ms": 113.19421948989952
}