{
  "candidates": [
    {
      "designated_tail_n": 1,
      "feasible": true,
      "tbt_ms": 28.332961451136683
    }
  ],
  "best_designated_tail_n": 1,
  "best_tbt_ms": 28.332961451136683
}