{
  "schema_version": "master_latency.v2",
  "pipeline": {
    "first_submit_ts": 1776422614.50663,
    "closed_ts": 1776422666.4017658,
    "working_time_s": 51.8951358795166,
    "total_tokens": 15392,
    "throughput_tokens_per_s": 296.59812502919635
  },
  "requests": {
    "warmup": {
      "start": 1776422614.50663,
      "end": 1776422622.7302482,
      "latency_s": 8.223618268966675
    },
    "demo-5": {
      "start": 1776422628.4608366,
      "end": 1776422661.3168185,
      "latency_s": 32.85598182678223
    },
    "demo-4": {
      "start": 1776422629.6991785,
      "end": 1776422662.8200228,
      "latency_s": 33.12084436416626
    },
    "demo-3": {
      "start": 1776422630.6437674,
      "end": 1776422664.1374855,
      "latency_s": 33.49371814727783
    },
    "demo-2": {
      "start": 1776422631.7509503,
      "end": 1776422665.3232028,
      "latency_s": 33.57225251197815
    },
    "demo-1": {
      "start": 1776422632.8126037,
      "end": 1776422666.3736074,
      "latency_s": 33.56100368499756
    }
  }
}