{
  "schema_version": "pipeline_strategy.v2",
  "generated_at": "2026-04-21T03:03:07Z",
  "model": {
    "name": "llama2-7b",
    "num_layers": 32,
    "hidden_size": 4096,
    "n_head": 32,
    "n_kv_head": 32,
    "ffn_dim": 11008,
    "vocab_size": 32000,
    "dtype_bytes": 2
  },
  "schedule_input": {
    "bs": 32,
    "target_seq_len": 64,
    "max_seq_len": 2048,
    "kv_memory_seq_len": 2048,
    "designated_device": "3060",
    "designated_tail_n": 1,
    "use_fine_grained": false
  },
  "objective": {
    "name": "min_tbt_ms",
    "value": 79.28579903979299
  },
  "tbt_ms": 79.28579903979299,
  "pipeline_stages": [
    {
      "worker_name": "3060_0",
      "modules_to_execute": [
        "input_embed_input_embed",
        "layer0_decoder_layer",
        "layer1_decoder_layer",
        "layer2_decoder_layer",
        "layer3_decoder_layer",
        "layer4_decoder_layer",
        "output_embed_lm_head"
      ],
      "stage_params": {
        "decode": {
          "head_model": {
            "base_time": 13.127417743464079,
            "increase_time": 0.009018635035566271,
            "quadratic_time": 0.0,
            "a": 13.127417743464079,
            "b": 0.009018635035566271,
            "c": 0.0,
            "comp_time_ms": 13.70461038574032,
            "base_size": 262144,
            "inc_size": 0,
            "quadratic_size": 0,
            "size_a": 262144,
            "size_b": 0,
            "size_c": 0
          },
          "tail_model": {
            "base_time": 0.970157859660685,
            "increase_time": 0.0,
            "quadratic_time": 0.0,
            "a": 0.970157859660685,
            "b": 0.0,
            "c": 0.0,
            "comp_time_ms": 0.970157859660685,
            "base_size": 0,
            "inc_size": 0,
            "quadratic_size": 0,
            "size_a": 0,
            "size_b": 0,
            "size_c": 0
          }
        },
        "prefill": {
          "head_model": {
            "base_time": 9.838059401981486,
            "increase_time": 2.1753825428281655,
            "quadratic_time": 0.00022342814413575668,
            "a": 9.838059401981486,
            "b": 2.1753825428281655,
            "c": 0.00022342814413575668,
            "comp_time_ms": 149.97770382136414,
            "base_size": 0,
            "inc_size": 262144,
            "quadratic_size": 0,
            "size_a": 0,
            "size_b": 262144,
            "size_c": 0
          },
          "tail_model": {
            "base_time": 1.8891668400711534,
            "increase_time": 0.3387890556976199,
            "quadratic_time": 0.0,
            "a": 1.8891668400711534,
            "b": 0.3387890556976199,
            "c": 0.0,
            "comp_time_ms": 23.571666404718826,
            "base_size": 0,
            "inc_size": 0,
            "quadratic_size": 0,
            "size_a": 0,
            "size_b": 0,
            "size_c": 0
          }
        },
        "base_time": 14.097575603124763,
        "increase_time": 0.009018635035566271,
        "comp_time_ms": 14.674768245401005,
        "base_size": 262144,
        "inc_size": 0
      },
      "comm_bytes_to_next": 262144,
      "comm_time_ms": 10.48576,
      "next_worker": "agx_0",
      "is_last_worker": false,
      "stage_models": {
        "decode": {
          "time_ms": {
            "head": {
              "form": "linear",
              "c0": 13.127417743464079,
              "c1": 0.009018635035566271,
              "c2": 0.0,
              "x": "context_len",
              "unit": "ms",
              "expr": "c0 + c1 * x"
            },
            "tail": {
              "form": "constant",
              "c0": 0.970157859660685,
              "c1": 0.0,
              "c2": 0.0,
              "x": "context_len",
              "unit": "ms",
              "expr": "c0"
            }
          },
          "comm_bytes": {
            "head": {
              "form": "constant",
              "c0": 262144.0,
              "c1": 0.0,
              "c2": 0.0,
              "x": "context_len",
              "unit": "bytes",
              "expr": "c0"
            },
            "tail": {
              "form": "constant",
              "c0": 0.0,
              "c1": 0.0,
              "c2": 0.0,
              "x": "context_len",
              "unit": "bytes",
              "expr": "c0"
            }
          },
          "comm_time_ms": {
            "head": {
              "form": "constant",
              "c0": 10.48576,
              "c1": 0.0,
              "c2": 0.0,
              "x": "context_len",
              "unit": "ms",
              "expr": "c0"
            },
            "tail": {
              "form": "constant",
              "c0": 0.0,
              "c1": 0.0,
              "c2": 0.0,
              "x": "context_len",
              "unit": "ms",
              "expr": "c0"
            }
          },
          "memory_gb": {
            "head": {
              "form": "linear",
              "c0": 2.373047,
              "c1": 7.62939453125e-05,
              "c2": 0.0,
              "x": "seq_len",
              "batch_term": "batch_size",
              "unit": "GB",
              "expr": "c0 + c1 * seq_len * batch_size"
            },
            "tail": {
              "form": "linear",
              "c0": 0.0,
              "c1": 0.0,
              "c2": 0.0,
              "x": "seq_len",
              "batch_term": "batch_size",
              "unit": "GB",
              "expr": "c0 + c1 * seq_len * batch_size"
            }
          }
        },
        "prefill": {
          "time_ms": {
            "head": {
              "form": "quadratic",
              "c0": 9.838059401981486,
              "c1": 2.1753825428281655,
              "c2": 0.00022342814413575668,
              "x": "seq_len",
              "unit": "ms",
              "expr": "c0 + c1 * x + c2 * x^2"
            },
            "tail": {
              "form": "linear",
              "c0": 1.8891668400711534,
              "c1": 0.3387890556976199,
              "c2": 0.0,
              "x": "seq_len",
              "unit": "ms",
              "expr": "c0 + c1 * x"
            }
          },
          "comm_bytes": {
            "head": {
              "form": "linear",
              "c0": 0.0,
              "c1": 262144.0,
              "c2": 0.0,
              "x": "seq_len",
              "unit": "bytes",
              "expr": "c0 + c1 * x"
            },
            "tail": {
              "form": "constant",
              "c0": 0.0,
              "c1": 0.0,
              "c2": 0.0,
              "x": "seq_len",
              "unit": "bytes",
              "expr": "c0"
            }
          },
          "comm_time_ms": {
            "head": {
              "form": "linear",
              "c0": 0.0,
              "c1": 10.48576,
              "c2": 0.0,
              "x": "seq_len",
              "unit": "ms",
              "expr": "c0 + c1 * x"
            },
            "tail": {
              "form": "constant",
              "c0": 0.0,
              "c1": 0.0,
              "c2": 0.0,
              "x": "seq_len",
              "unit": "ms",
              "expr": "c0"
            }
          }
        }
      }
    },
    {
      "worker_name": "agx_0",