{
  "candidates": [
    {
      "designated_tail_n": 1,
      "feasible": true,
      "tbt_ms": 112.57679690359863
    }
  ],
  "best_designated_tail_n": 1,
  "best_tbt_ms": 112.57679690359863
}