{
  "candidates": [
    {
      "designated_tail_n": 1,
      "feasible": true,
      "tbt_ms": 31.796117304794127
    }
  ],
  "best_designated_tail_n": 1,
  "best_tbt_ms": 31.796117304794127
}